{"cameraMode":{"drawMode":0,"name":"Shaded","section":"Shading Mode"},"sceneLighting":true,"audioPlay":false,"sceneViewState":{"showFog":true,"showMaterialUpdate":false,"showSkybox":true,"showFlares":true,"showImageEffects":true,"showParticleSystems":true},"in2DMode":false,"pivot":{"x":-0.4942951202392578,"y":-0.4750518798828125,"z":-1.5379836559295655},"rotation":{"x":-0.20734484493732453,"y":0.6560244560241699,"z":-0.19455952942371369,"w":-0.6991345882415772},"size":9.97974967956543,"orthographic":false}